{
    "chain": "main",
    "blocks": 0,
    "headers": 1632345,
    "bestblockhash": "0000006b444bc2f2ffe627be9d9e7e7a0730000870ef6eb6da46c8eae389df90",
    "difficulty": 0.00390625,
    "difficulty_algorithm": "BTC",
    "DGW_activation_height": 338778,
    "mediantime": 1514999494,
    "verificationprogress": 8.343063431059807e-8,
    "chainwork": "0000000000000000000000000000000000000000000000000000000001000100",
    "size_on_disk": 13513379124,
    "pruned": false,
    "softforks": [],
    "bip9_softforks": {
        "assets": {
            "status": "defined",
            "startTime": 1540944000,
            "timeout": 1572480000,
            "since": 0
        },
        "messaging_restricted": {
            "status": "defined",
            "startTime": 1578920400,
            "timeout": 1610542800,
            "since": 0
        },
        "transfer_script": {
            "status": "defined",
            "startTime": 1588788000,
            "timeout": 1620324000,
            "since": 0
        },
        "enforce": {
            "status": "defined",
            "startTime": 1593453600,
            "timeout": 1624989600,
            "since": 0
        },
        "coinbase": {
            "status": "defined",
            "startTime": 1597341600,
            "timeout": 1628877600,
            "since": 0
        }
    },
    "warnings": ""
}