{
    "chain": "main",
    "blocks": 1910002,
    "headers": 1910002,
    "bestblockhash": "000000000000235208fb64811eaf5e18c2c7da59d886a98d9f8851f622fe05cb",
    "difficulty": 105673.837069114,
    "difficulty_algorithm": "DGW-180",
    "mediantime": 1630437486,
    "verificationprogress": 0.9999995311249336,
    "chainwork": "00000000000000000000000000000000000000000000002d7a3a5701d7de52bd",
    "size_on_disk": 19715873375,
    "pruned": false,
    "softforks": [],
    "bip9_softforks": {
        "assets": {
            "status": "active",
            "startTime": 1540944000,
            "timeout": 1572480000,
            "since": 435456
        },
        "messaging_restricted": {
            "status": "active",
            "startTime": 1578920400,
            "timeout": 1610542800,
            "since": 1092672
        },
        "transfer_script": {
            "status": "active",
            "startTime": 1588788000,
            "timeout": 1620324000,
            "since": 1225728
        },
        "enforce": {
            "status": "active",
            "startTime": 1593453600,
            "timeout": 1624989600,
            "since": 1306368
        },
        "coinbase": {
            "status": "active",
            "startTime": 1597341600,
            "timeout": 1628877600,
            "since": 1409184
        }
    },
    "warnings": ""
}