{
    "chain": "main",
    "blocks": 1914998,
    "headers": 1914998,
    "bestblockhash": "00000000000033d384dd0abf19c5b1194deed7d029407870fa80ec8e08361356",
    "difficulty": 102242.5252934035,
    "difficulty_algorithm": "DGW-180",
    "mediantime": 1630739540,
    "verificationprogress": 0.9999994934314634,
    "chainwork": "00000000000000000000000000000000000000000000002d97cb5f6a70e8c897",
    "size_on_disk": 19808907675,
    "pruned": false,
    "softforks": [],
    "bip9_softforks": {
        "assets": {
            "status": "active",
            "startTime": 1540944000,
            "timeout": 1572480000,
            "since": 435456
        },
        "messaging_restricted": {
            "status": "active",
            "startTime": 1578920400,
            "timeout": 1610542800,
            "since": 1092672
        },
        "transfer_script": {
            "status": "active",
            "startTime": 1588788000,
            "timeout": 1620324000,
            "since": 1225728
        },
        "enforce": {
            "status": "active",
            "startTime": 1593453600,
            "timeout": 1624989600,
            "since": 1306368
        },
        "coinbase": {
            "status": "active",
            "startTime": 1597341600,
            "timeout": 1628877600,
            "since": 1409184
        }
    },
    "warnings": ""
}